{
    "name": "root",
    "gauges": {
        "PolePlatform.Policy.Entropy.mean": {
            "value": 1.2985272407531738,
            "min": 1.2985272407531738,
            "max": 1.4283527135849,
            "count": 7
        },
        "PolePlatform.Environment.EpisodeLength.mean": {
            "value": 15.94358251057828,
            "min": 11.17342799188641,
            "max": 15.94358251057828,
            "count": 7
        },
        "PolePlatform.Policy.ExtrinsicValueEstimate.mean": {
            "value": -0.1859765350818634,
            "min": -0.3900763988494873,
            "max": -0.08591903746128082,
            "count": 7
        },
        "PolePlatform.Environment.CumulativeReward.mean": {
            "value": 0.594640378891497,
            "min": 0.11756348201466091,
            "max": 0.594640378891497,
            "count": 7
        },
        "PolePlatform.Policy.ExtrinsicReward.mean": {
            "value": 0.594640378891497,
            "min": 0.11756348201466091,
            "max": 0.594640378891497,
            "count": 7
        },
        "PolePlatform.IsTraining.mean": {
            "value": 1.0,
            "min": 1.0,
            "max": 1.0,
            "count": 7
        },
        "PolePlatform.Losses.ValueLoss.mean": {
            "value": 0.024615412577986717,
            "min": 0.015255589969456196,
            "max": 0.21199572086334229,
            "count": 6
        },
        "PolePlatform.Losses.PolicyLoss.mean": {
            "value": 0.10230327397584915,
            "min": 0.0957312285900116,
            "max": 0.1033339574933052,
            "count": 6
        },
        "PolePlatform.Policy.LearningRate.mean": {
            "value": 0.00025676999939605594,
            "min": 0.00025676999939605594,
            "max": 0.0002927982422988862,
            "count": 6
        },
        "PolePlatform.Policy.Epsilon.mean": {
            "value": 0.1855900138616562,
            "min": 0.1855900138616562,
            "max": 0.1975994110107422,
            "count": 6
        },
        "PolePlatform.Policy.Beta.mean": {
            "value": 0.0008573411032557487,
            "min": 0.0008573411032557487,
            "max": 0.000976234208792448,
            "count": 6
        }
    },
    "metadata": {
        "timer_format_version": "0.1.0",
        "start_time_seconds": "1600692893",
        "python_version": "3.8.6rc1 (tags/v3.8.6rc1:08bd63d, Sep  7 2020, 23:10:23) [MSC v.1927 64 bit (AMD64)]",
        "command_line_arguments": "C:\\Users\\Dmitry\\AppData\\Local\\Packages\\PythonSoftwareFoundation.Python.3.8_qbz5n2kfra8p0\\LocalCache\\local-packages\\Python38\\Scripts\\mlagents-learn config/platform_config.yaml --run-id=PolePlatform",
        "mlagents_version": "0.19.0",
        "mlagents_envs_version": "0.19.0",
        "communication_protocol_version": "1.0.0",
        "tensorflow_version": "2.3.0",
        "numpy_version": "1.19.2",
        "end_time_seconds": "1600693510"
    },
    "total": 617.3556627,
    "count": 1,
    "self": 0.0038085000001046865,
    "children": {
        "run_training.setup": {
            "total": 0.013732499999999703,
            "count": 1,
            "self": 0.013732499999999703
        },
        "TrainerController.start_learning": {
            "total": 617.3381217,
            "count": 1,
            "self": 1.5986299000045392,
            "children": {
                "TrainerController._reset_env": {
                    "total": 14.575579000000001,
                    "count": 1,
                    "self": 14.575579000000001
                },
                "TrainerController.advance": {
                    "total": 599.7454217999955,
                    "count": 100335,
                    "self": 0.6629091999923276,
                    "children": {
                        "env_step": {
                            "total": 599.0825126000032,
                            "count": 100335,
                            "self": 559.4863822000017,
                            "children": {
                                "SubprocessEnvManager._take_step": {
                                    "total": 38.71060999999666,
                                    "count": 100335,
                                    "self": 1.4863038999955478,
                                    "children": {
                                        "TFPolicy.evaluate": {
                                            "total": 37.224306100001115,
                                            "count": 94964,
                                            "self": 37.224306100001115
                                        }
                                    }
                                },
                                "workers": {
                                    "total": 0.8855204000048289,
                                    "count": 100334,
                                    "self": 0.0,
                                    "children": {
                                        "worker_root": {
                                            "total": 512.5005384999903,
                                            "count": 100334,
                                            "is_parallel": true,
                                            "self": 98.49555559998669,
                                            "children": {
                                                "steps_from_proto": {
                                                    "total": 0.00020280000000028053,
                                                    "count": 1,
                                                    "is_parallel": true,
                                                    "self": 5.570000000076902e-05,
                                                    "children": {
                                                        "_process_vector_observation": {
                                                            "total": 0.0001470999999995115,
                                                            "count": 2,
                                                            "is_parallel": true,
                                                            "self": 0.0001470999999995115
                                                        }
                                                    }
                                                },
                                                "UnityEnvironment.step": {
                                                    "total": 414.0047801000036,
                                                    "count": 100334,
                                                    "is_parallel": true,
                                                    "self": 3.6667215000161946,
                                                    "children": {
                                                        "UnityEnvironment._generate_step_input": {
                                                            "total": 6.820491499988769,
                                                            "count": 100334,
                                                            "is_parallel": true,
                                                            "self": 6.820491499988769
                                                        },
                                                        "communicator.exchange": {
                                                            "total": 393.2356711,
                                                            "count": 100334,
                                                            "is_parallel": true,
                                                            "self": 393.2356711
                                                        },
                                                        "steps_from_proto": {
                                                            "total": 10.28189599999867,