{
    "name": "root",
    "metadata": {
        "timer_format_version": "0.1.0",
        "start_time_seconds": "1600698110",
        "python_version": "3.8.6rc1 (tags/v3.8.6rc1:08bd63d, Sep  7 2020, 23:10:23) [MSC v.1927 64 bit (AMD64)]",
        "command_line_arguments": "C:\\Users\\Dmitry\\AppData\\Local\\Packages\\PythonSoftwareFoundation.Python.3.8_qbz5n2kfra8p0\\LocalCache\\local-packages\\Python38\\Scripts\\mlagents-learn config/platform_config.yaml --run-id=PolePlatform2D",
        "mlagents_version": "0.19.0",
        "mlagents_envs_version": "0.19.0",
        "communication_protocol_version": "1.0.0",
        "tensorflow_version": "2.3.0",
        "numpy_version": "1.19.2",
        "end_time_seconds": "1600698187"
    },
    "total": 76.4446815,
    "count": 1,
    "self": 0.003975299999993354,
    "children": {
        "run_training.setup": {
            "total": 0.012070400000000037,
            "count": 1,
            "self": 0.012070400000000037
        },
        "TrainerController.start_learning": {
            "total": 76.42863580000001,
            "count": 1,
            "self": 0.1604370000001012,
            "children": {
                "TrainerController._reset_env": {
                    "total": 5.9896718,
                    "count": 1,
                    "self": 5.9896718
                },
                "TrainerController.advance": {
                    "total": 68.8398225999999,
                    "count": 11004,
                    "self": 0.0685204999997211,
                    "children": {
                        "env_step": {
                            "total": 68.77130210000018,
                            "count": 11004,
                            "self": 64.74414909999952,
                            "children": {
                                "SubprocessEnvManager._take_step": {
                                    "total": 3.9395490000005866,
                                    "count": 11004,
                                    "self": 0.15671980000083519,
                                    "children": {
                                        "TFPolicy.evaluate": {
                                            "total": 3.7828291999997514,
                                            "count": 10354,
                                            "self": 3.7828291999997514
                                        }
                                    }
                                },
                                "workers": {
                                    "total": 0.0876040000000744,
                                    "count": 11003,
                                    "self": 0.0,
                                    "children": {
                                        "worker_root": {
                                            "total": 69.67480569999928,
                                            "count": 11003,
                                            "is_parallel": true,
                                            "self": 10.676990899999758,
                                            "children": {
                                                "steps_from_proto": {
                                                    "total": 0.0001825000000001964,
                                                    "count": 1,
                                                    "is_parallel": true,
                                                    "self": 6.169999999983133e-05,
                                                    "children": {
                                                        "_process_vector_observation": {
                                                            "total": 0.00012080000000036506,
                                                            "count": 2,
                                                            "is_parallel": true,
                                                            "self": 0.00012080000000036506
                                                        }
                                                    }
                                                },
                                                "UnityEnvironment.step": {
                                                    "total": 58.99763229999952,
                                                    "count": 11003,
                                                    "is_parallel": true,
                                                    "self": 0.4298053000000266,
                                                    "children": {
                                                        "UnityEnvironment._generate_step_input": {
                                                            "total": 0.813007399999516,
                                                            "count": 11003,
                                                            "is_parallel": true,
                                                            "self": 0.813007399999516
                                                        },
                                                        "communicator.exchange": {
                                                            "total": 56.56530700000012,
                                                            "count": 11003,
                                                            "is_parallel": true,
                                                            "self": 56.56530700000012
                                                        },
                                                        "steps_from_proto": {
                                                            "total": 1.1895125999998646,
                                                            "count": 11003,
                                                            "is_parallel": true,
                                                            "self": 0.47020499999909404,
                                                            "children": {
                                                                "_process_vector_observation": {
                                                                    "total": 0.7193076000007705,
                                                                    "count": 22006,
                                                                    "is_parallel": true,
                                                                    "self": 0.7193076000007705
                                                                }
                                                            }
                                                        }
                                                    }
                                                }
                                            }
                                        }
                                    }
                                }
                            }
                        }
                    }
                },
                "trainer_threads": {
                    "total": 1.0200000005511356e-05,
                    "count": 1,
                    "self": 1.0200000005511356e-05,
                    "children": {
                        "thread_root": {
                            "total": 0.0,
                            "count": 0,
                            "is_parallel": true,
                            "self": 0.0,
                            "children": {
                                "trainer_advance": {
                                    "total": 68.74078590000006,
                                    "count": 34686,
                                    "is_parallel": true,
                                    "self": 0.5073174999983934,
                                    "children": {
                                        "process_trajectory": {
                                            "total": 68.23346840000167,