{
    "name": "root",
    "gauges": {
        "PolePlatform.Policy.Entropy.mean": {
            "value": 1.271652102470398,
            "min": 1.2712774276733398,
            "max": 1.4189382791519165,
            "count": 41
        },
        "PolePlatform.Environment.EpisodeLength.mean": {
            "value": 677.2352941176471,
            "min": 9.91,
            "max": 999.0,
            "count": 41
        },
        "PolePlatform.Policy.ExtrinsicValueEstimate.mean": {
            "value": 5.303376197814941,
            "min": -0.3455306589603424,
            "max": 5.658506870269775,
            "count": 41
        },
        "PolePlatform.Environment.CumulativeReward.mean": {
            "value": 63.72223198413849,
            "min": -0.00900816269307054,
            "max": 100.00001525878906,
            "count": 41
        },
        "PolePlatform.Policy.ExtrinsicReward.mean": {
            "value": 63.72223198413849,
            "min": -0.00900816269307054,
            "max": 100.00001525878906,
            "count": 41
        },
        "PolePlatform.IsTraining.mean": {
            "value": 1.0,
            "min": 1.0,
            "max": 1.0,
            "count": 41
        },
        "PolePlatform.Losses.ValueLoss.mean": {
            "value": 3.179504871368408,
            "min": 0.07025251537561417,
            "max": 11.629486083984375,
            "count": 39
        },
        "PolePlatform.Losses.PolicyLoss.mean": {
            "value": 0.09949561208486557,
            "min": 0.09365738928318024,
            "max": 0.10937051475048065,
            "count": 39
        },
        "PolePlatform.Policy.LearningRate.mean": {
            "value": 1.204990257974714e-05,
            "min": 1.204990257974714e-05,
            "max": 0.00029279940645210445,
            "count": 39
        },
        "PolePlatform.Policy.Epsilon.mean": {
            "value": 0.10401659458875656,
            "min": 0.10401659458875656,
            "max": 0.19759976863861084,
            "count": 39
        },
        "PolePlatform.Policy.Beta.mean": {
            "value": 4.97643522976432e-05,
            "min": 4.97643522976432e-05,
            "max": 0.0009762379922904074,
            "count": 39
        }
    },
    "metadata": {
        "timer_format_version": "0.1.0",
        "start_time_seconds": "1600699423",
        "python_version": "3.8.6rc1 (tags/v3.8.6rc1:08bd63d, Sep  7 2020, 23:10:23) [MSC v.1927 64 bit (AMD64)]",
        "command_line_arguments": "C:\\Users\\Dmitry\\AppData\\Local\\Packages\\PythonSoftwareFoundation.Python.3.8_qbz5n2kfra8p0\\LocalCache\\local-packages\\Python38\\Scripts\\mlagents-learn config/platform_config.yaml --run-id=PolePlatform2Dv3",
        "mlagents_version": "0.19.0",
        "mlagents_envs_version": "0.19.0",
        "communication_protocol_version": "1.0.0",
        "tensorflow_version": "2.3.0",
        "numpy_version": "1.19.2",
        "end_time_seconds": "1600699956"
    },
    "total": 532.8621287000001,
    "count": 1,
    "self": 0.21863090000010743,
    "children": {
        "run_training.setup": {
            "total": 0.012648800000000016,
            "count": 1,
            "self": 0.012648800000000016
        },
        "TrainerController.start_learning": {
            "total": 532.630849,
            "count": 1,
            "self": 1.1130450000023302,
            "children": {
                "TrainerController._reset_env": {
                    "total": 7.5217989,
                    "count": 1,
                    "self": 7.5217989
                },
                "TrainerController.advance": {
                    "total": 522.6304727999976,
                    "count": 61579,
                    "self": 0.44402419999846643,
                    "children": {
                        "env_step": {
                            "total": 522.1864485999992,
                            "count": 61579,
                            "self": 488.6791441999985,
                            "children": {
                                "SubprocessEnvManager._take_step": {
                                    "total": 32.91632199999831,
                                    "count": 61579,
                                    "self": 1.1552816000031143,
                                    "children": {
                                        "TFPolicy.evaluate": {
                                            "total": 31.761040399995196,
                                            "count": 56127,
                                            "self": 31.761040399995196
                                        }
                                    }
                                },
                                "workers": {
                                    "total": 0.5909824000023569,
                                    "count": 61579,
                                    "self": 0.0,
                                    "children": {
                                        "worker_root": {
                                            "total": 523.5043842000065,
                                            "count": 61579,
                                            "is_parallel": true,
                                            "self": 101.93061890000627,
                                            "children": {
                                                "steps_from_proto": {
                                                    "total": 0.0002436000000001215,
                                                    "count": 1,
                                                    "is_parallel": true,
                                                    "self": 6.250000000029843e-05,
                                                    "children": {
                                                        "_process_vector_observation": {
                                                            "total": 0.00018109999999982307,
                                                            "count": 2,
                                                            "is_parallel": true,
                                                            "self": 0.00018109999999982307
                                                        }
                                                    }
                                                },
                                                "UnityEnvironment.step": {
                                                    "total": 421.57352170000024,
                                                    "count": 61579,
                                                    "is_parallel": true,
                                                    "self": 2.852887100004068,
                                                    "children": {
                                                        "UnityEnvironment._generate_step_input": {
                                                            "total": 11.283304099995995,
                                                            "count": 61579,
                                                            "is_parallel": true,
                                                            "self": 11.283304099995995
                                                        },
                                                        "communicator.exchange": {
                                                            "total": 397.0896991999995,
                                                            "count": 61579,
                                                            "is_parallel": true,
                                                            "self": 397.0896991999995
                                                        },
                                                        "steps_from_proto": {
                                                            "total": 10.347631300000756,