{"count":1,"self":1061.5207936,"total":2522.9453749,"children":{"AgentSendState":{"count":1572601,"self":19.792175999999998,"total":30.2105322,"children":{"CollectObservations":{"count":314521,"self":2.2493537999999997,"total":2.2493537999999997,"children":null},"CollectDiscreteActionMasks":{"count":314521,"self":1.2177029,"total":1.2177029,"children":null},"AgentInfo.ToProto":{"count":314521,"self":3.5558128,"total":6.9513001999999995,"children":{"GenerateSensorData":{"count":314521,"self":3.3954876,"total":3.3954876,"children":null}}}}},"DecideAction":{"count":1572601,"self":1418.7595775999998,"total":1418.7596197999999,"children":null},"AgentAct":{"count":1572601,"self":12.362427199999999,"total":12.4534016,"children":{"AgentInfo.ToProto":{"count":3100,"self":0.0479833,"total":0.090974199999999991,"children":{"GenerateSensorData":{"count":3100,"self":0.0429909,"total":0.0429909,"children":null}}}}}},"gauges":{"PolePlatform.CumulativeReward":{"count":3100,"max":100.099045,"min":-0.399999946,"runningAverage":9.180616,"value":100.099045,"weightedAverage":93.45656}},"metadata":{"timer_format_version":"0.1.0","start_time_seconds":"1600762244","unity_version":"2019.4.10f1","command_line_arguments":"C:\\Program Files\\Unity\\Hub\\Editor\\2019.4.10f1\\Editor\\Unity.exe -projectpath C:\/Projects\/ing experiment week\/ML experiment -useHub -hubIPC -cloudEnvironment production -hubSessionId 86eb9190-fca5-11ea-b144-e9e5ba765390 -accessToken IGKg4GRg52hMnz5uYJ9zq1BCZRonJtg88sc6C6ROvVY009f","communication_protocol_version":"1.0.0","com.unity.ml-agents_version":"1.0.4","scene_name":"PoleCart","end_time_seconds":"1600764767"}}