{
    "name": "root",
    "gauges": {
        "PolePlatform.Policy.Entropy.mean": {
            "value": 1.415604591369629,
            "min": 1.415604591369629,
            "max": 1.4189382791519165,
            "count": 2
        },
        "PolePlatform.Environment.EpisodeLength.mean": {
            "value": 10.575699132111861,
            "min": 9.774685816876122,
            "max": 10.575699132111861,
            "count": 2
        },
        "PolePlatform.Policy.ExtrinsicValueEstimate.mean": {
            "value": -0.38016477227211,
            "min": -0.38016477227211,
            "max": -0.006815087981522083,
            "count": 2
        },
        "PolePlatform.Environment.CumulativeReward.mean": {
            "value": 0.05776280466477919,
            "min": -0.022641484092616435,
            "max": 0.05776280466477919,
            "count": 2
        },
        "PolePlatform.Policy.ExtrinsicReward.mean": {
            "value": 0.05776280466477919,
            "min": -0.022641484092616435,
            "max": 0.05776280466477919,
            "count": 2
        },
        "PolePlatform.IsTraining.mean": {
            "value": 1.0,
            "min": 1.0,
            "max": 1.0,
            "count": 2
        },
        "PolePlatform.Losses.ValueLoss.mean": {
            "value": 0.20832502841949463,
            "min": 0.20832502841949463,
            "max": 0.20832502841949463,
            "count": 1
        },
        "PolePlatform.Losses.PolicyLoss.mean": {
            "value": 0.10742250829935074,
            "min": 0.10742250829935074,
            "max": 0.10742250829935074,
            "count": 1
        },
        "PolePlatform.Policy.LearningRate.mean": {
            "value": 0.0002927982422988862,
            "min": 0.0002927982422988862,
            "max": 0.0002927982422988862,
            "count": 1
        },
        "PolePlatform.Policy.Epsilon.mean": {
            "value": 0.1975994110107422,
            "min": 0.1975994110107422,
            "max": 0.1975994110107422,
            "count": 1
        },
        "PolePlatform.Policy.Beta.mean": {
            "value": 0.000976234208792448,
            "min": 0.000976234208792448,
            "max": 0.000976234208792448,
            "count": 1
        }
    },
    "metadata": {
        "timer_format_version": "0.1.0",
        "start_time_seconds": "1600699161",
        "python_version": "3.8.6rc1 (tags/v3.8.6rc1:08bd63d, Sep  7 2020, 23:10:23) [MSC v.1927 64 bit (AMD64)]",
        "command_line_arguments": "C:\\Users\\Dmitry\\AppData\\Local\\Packages\\PythonSoftwareFoundation.Python.3.8_qbz5n2kfra8p0\\LocalCache\\local-packages\\Python38\\Scripts\\mlagents-learn config/platform_config.yaml --run-id=PolePlatform2Dv2",
        "mlagents_version": "0.19.0",
        "mlagents_envs_version": "0.19.0",
        "communication_protocol_version": "1.0.0",
        "tensorflow_version": "2.3.0",
        "numpy_version": "1.19.2",
        "end_time_seconds": "1600699333"
    },
    "total": 172.3020169,
    "count": 1,
    "self": 0.0039680000000146265,
    "children": {
        "run_training.setup": {
            "total": 0.027025499999999925,
            "count": 1,
            "self": 0.027025499999999925
        },
        "TrainerController.start_learning": {
            "total": 172.2710234,
            "count": 1,
            "self": 0.47446340000010423,
            "children": {
                "TrainerController._reset_env": {
                    "total": 10.1376165,
                    "count": 1,
                    "self": 10.1376165
                },
                "TrainerController.advance": {
                    "total": 160.2853363999999,
                    "count": 30608,
                    "self": 0.1850925000009056,
                    "children": {
                        "env_step": {
                            "total": 160.100243899999,
                            "count": 30608,
                            "self": 148.89698849999888,
                            "children": {
                                "SubprocessEnvManager._take_step": {
                                    "total": 10.958163200001197,
                                    "count": 30608,
                                    "self": 0.4530847000004208,
                                    "children": {
                                        "TFPolicy.evaluate": {
                                            "total": 10.505078500000776,
                                            "count": 28637,
                                            "self": 10.505078500000776
                                        }
                                    }
                                },
                                "workers": {
                                    "total": 0.2450921999989113,
                                    "count": 30607,
                                    "self": 0.0,
                                    "children": {
                                        "worker_root": {
                                            "total": 161.07190480000207,
                                            "count": 30607,
                                            "is_parallel": true,
                                            "self": 29.09786960000494,
                                            "children": {
                                                "steps_from_proto": {
                                                    "total": 0.00020450000000060697,
                                                    "count": 1,
                                                    "is_parallel": true,
                                                    "self": 6.0700000000579735e-05,
                                                    "children": {
                                                        "_process_vector_observation": {
                                                            "total": 0.00014380000000002724,
                                                            "count": 2,
                                                            "is_parallel": true,
                                                            "self": 0.00014380000000002724
                                                        }
                                                    }
                                                },
                                                "UnityEnvironment.step": {
                                                    "total": 131.97383069999714,
                                                    "count": 30607,
                                                    "is_parallel": true,
                                                    "self": 1.1893076999966752,
                                                    "children": {
                                                        "UnityEnvironment._generate_step_input": {
                                                            "total": 2.219314300001063,
                                                            "count": 30607,
                                                            "is_parallel": true,
                                                            "self": 2.219314300001063
                                                        },
                                                        "communicator.exchange": {
                                                            "total": 125.34324859999947,
                                                            "count": 30607,
                                                            "is_parallel": true,
                                                            "self": 125.34324859999947
                                                        },
                                                        "steps_from_proto": {
                                                            "total": 3.22196009999994,